<document>
  
  <properties>
    <author email="kit@objectlab.co.uk">Benoit Xhenseval</author>
    <title>Download</title>
  </properties>
  
  <head>
    <meta name="description" content="ObjectLab Kit offers free and open source Date calculators, released under the business-friendly Apache 2.0 license." />
    <meta name="keywords" content="Date calculator, IMM Dates, Period Calculator, Financial Calendar, Business Calendar, java, open source" />
    <meta name="Subject" content="Date Calculators" />
    <meta name="Copyright" content="ObjectLab Financial Ltd" />
    <meta name="Language" content="English" />
    <meta name="Designer" content="ObjectLab Financial Ltd" />
    <meta name="Distribution" content="Global" />
    <meta name="robots" content="ALL"/>
    <meta name="Revisit-After" content="20 Days" />
  </head>
  
  <body>

    <subsection name="Maven">
      <p>If you're using Maven, setup is easy, as DateCalc is in the Maven Central Repository.</p>
      <p>To use the JDK Version:</p>
      <pre class="brush: xml; gutter: false">
         &lt;dependency>
           &lt;groupId>net.objectlab.kit&lt;/groupId>
           &lt;artifactId>datecalc-common&lt;/artifactId>
           &lt;version>1.2.0&lt;/version>
         &lt;/dependency>
         &lt;dependency>
           &lt;groupId>net.objectlab.kit&lt;/groupId>
           &lt;artifactId>datecalc-jdk&lt;/artifactId>
           &lt;version>1.2.0&lt;/version>
         &lt;/dependency>
      </pre>
      
      <p>To use the JODA Version (recommended):</p>
      <pre class="brush: xml; gutter: false">
         &lt;dependency>
           &lt;groupId>net.objectlab.kit&lt;/groupId>
           &lt;artifactId>datecalc-common&lt;/artifactId>
           &lt;version>1.2.0&lt;/version>
         &lt;/dependency>
         &lt;dependency>
           &lt;groupId>net.objectlab.kit&lt;/groupId>
           &lt;artifactId>datecalc-joda&lt;/artifactId>
           &lt;version>1.2.0&lt;/version>
         &lt;/dependency>
      </pre>
    </subsection>

    <subsection name="Download the Jars">
      <p>If you are not using Maven, you can <a href="https://sourceforge.net/projects/objectlabkit/files/">download the jars here</a>.</p>
    </subsection>

  </body>
  
</document>